0,1,2,3,4,5,6,7,8,9,10,11,12,13,14,15
VT-ABC-WO-9571,VT-ABC,BA-1432,Inspection,RET-CUHDG,2024-11-21 04:13:32,2024-12-09 02:19:49,5,32,Hydraulic leak,Seal,3,MTC-9WAIO,False,False,
VT-ABC-WO-4993,VT-ABC,KL-339,Inspection,GH-NIUIB,2024-12-05 20:45:26,2024-10-28 01:08:01,5,32,Hydraulic leak,Seal,3,RET-0E5NW,False,False,
VT-ABC-WO-3449,VT-ABC,IX-9665,Inspection,OPS-UC1BZ,2024-11-28 05:00:42,2024-10-08 23:40:47,5,32,Hydraulic leak,Seal,3,SEC-96PG5,False,False,
VT-ABC-WO-4225,VT-ABC,SQ-7179,Inspection,SEC-O6DDI,2024-12-23 17:40:40,2024-10-06 20:59:16,5,32,Hydraulic leak,Seal,3,SEC-ZQ12M,False,False,
VT-ABC-WO-3772,VT-ABC,SG-8995,Inspection,GH-9TI5Z,2024-10-14 03:53:26,2024-10-24 16:45:05,5,32,Hydraulic leak,Seal,3,CC-IQNHJ,False,False,
VT-ABC-WO-9363,VT-ABC,6E-8983,Inspection,OPS-24AJ6,2024-12-16 07:40:38,2024-11-16 04:43:29,5,32,Hydraulic leak,Seal,3,MTC-NL8AY,False,False,
VT-ABC-WO-3500,VT-ABC,6E-6657,Inspection,CC-8IL9O,2024-10-28 11:21:29,2024-12-19 10:47:57,5,32,Hydraulic leak,Seal,3,SEC-SU5SP,False,False,
VT-ABC-WO-5621,VT-ABC,LH-4895,Inspection,OPS-60IQR,2024-11-24 17:27:56,2024-11-26 15:28:40,5,32,Hydraulic leak,Seal,3,CC-L6NX7,False,False,
VT-ABC-WO-5140,VT-ABC,IX-1406,Inspection,RET-1LBKT,2024-10-26 14:17:55,2024-11-25 15:18:56,5,32,Hydraulic leak,Seal,3,SEC-JU8RJ,False,False,
VT-ABC-WO-1244,VT-ABC,SQ-6749,Inspection,GH-7A031,2024-12-19 21:28:37,2024-11-09 23:25:17,5,32,Hydraulic leak,Seal,3,MTC-UN977,False,False,
VT-ABC-WO-7843,VT-ABC,SG-9541,Inspection,GH-DGA01,2024-12-04 11:45:36,2024-12-11 12:48:31,5,32,Hydraulic leak,Seal,3,MTC-OABB1,False,False,
VT-ABC-WO-6877,VT-ABC,EK-6820,Inspection,SEC-EJNFX,2024-10-10 22:37:41,2024-10-04 18:58:11,5,32,Hydraulic leak,Seal,3,MTC-WSI2V,False,False,
VT-ABC-WO-3029,VT-ABC,SQ-1959,Inspection,MTC-O1VTN,2024-12-08 14:49:03,2024-12-29 14:34:57,5,32,Hydraulic leak,Seal,3,RET-V2ADN,False,False,
VT-ABC-WO-5059,VT-ABC,SQ-7054,Inspection,MTC-VAXEE,2024-10-22 00:55:44,2024-10-11 17:39:12,5,32,Hydraulic leak,Seal,3,GH-RAA3S,False,False,
VT-ABC-WO-1913,VT-ABC,UK-9768,Inspection,RET-URJPE,2024-11-22 22:32:55,2024-11-30 00:57:14,5,32,Hydraulic leak,Seal,3,MTC-6L4K4,False,False,
VT-ABC-WO-5454,VT-ABC,EK-3183,Inspection,SEC-QXY4X,2024-12-23 20:18:04,2024-11-10 08:24:42,5,32,Hydraulic leak,Seal,3,CC-OYVQF,False,False,
VT-ABC-WO-5050,VT-ABC,LH-6040,Inspection,SEC-YDQZL,2024-12-29 14:45:38,2024-12-21 18:21:56,5,32,Hydraulic leak,Seal,3,RET-TTN5I,False,False,
VT-ABC-WO-7132,VT-ABC,LH-4309,Inspection,GH-B5DRM,2024-11-08 19:56:45,2024-11-10 23:20:58,5,32,Hydraulic leak,Seal,3,GH-9MR9Q,False,False,
VT-ABC-WO-5218,VT-ABC,AI-3647,Inspection,GH-6XEIR,2024-10-02 03:49:11,2024-12-05 18:17:41,5,32,Hydraulic leak,Seal,3,GH-5E94U,False,False,
VT-ABC-WO-1264,VT-ABC,KL-3994,Inspection,RET-SOTU1,2024-12-12 02:54:08,2024-10-05 09:32:18,5,32,Hydraulic leak,Seal,3,SEC-H98SV,False,False,
VT-ABC-WO-1139,VT-ABC,KL-7450,Inspection,GH-DZQUS,2024-11-07 09:32:09,2024-11-20 15:11:34,5,32,Hydraulic leak,Seal,3,CC-BXQHY,False,False,
VT-ABC-WO-3754,VT-ABC,IX-8680,Inspection,MTC-JFM46,2024-12-25 04:33:44,2024-10-09 14:37:12,5,32,Hydraulic leak,Seal,3,RET-MNB22,False,False,
VT-ABC-WO-8099,VT-ABC,EK-9962,Inspection,MTC-MS3B0,2024-11-23 19:36:07,2024-10-03 07:43:20,5,32,Hydraulic leak,Seal,3,MTC-AIO3G,False,False,
VT-ABC-WO-7378,VT-ABC,IX-8464,Inspection,SEC-3YJV2,2024-10-15 01:55:41,2024-11-10 06:51:49,5,32,Hydraulic leak,Seal,3,MTC-BQELU,False,False,
VT-ABC-WO-6661,VT-ABC,AI-1622,Inspection,OPS-E4L86,2024-10-09 14:35:59,2024-12-16 14:07:42,5,32,Hydraulic leak,Seal,3,OPS-OOCGI,False,False,
VT-ABC-WO-6725,VT-ABC,EK-2621,Inspection,RET-EX36R,2024-11-12 21:56:57,2024-12-25 14:43:58,5,32,Hydraulic leak,Seal,3,GH-FWXEE,False,False,
VT-ABC-WO-6211,VT-ABC,AF-8336,Inspection,MTC-0015Y,2024-12-29 17:46:00,2024-10-09 15:39:02,5,32,Hydraulic leak,Seal,3,MTC-1RTW4,False,False,
VT-ABC-WO-1272,VT-ABC,EK-3938,Inspection,OPS-1NREO,2024-11-28 12:27:50,2024-11-02 09:31:15,5,32,Hydraulic leak,Seal,3,CC-4TI36,False,False,
VT-ABC-WO-9814,VT-ABC,SG-3215,Inspection,OPS-7EJ02,2024-10-20 00:31:09,2024-12-23 08:58:34,5,32,Hydraulic leak,Seal,3,MTC-UR08E,False,False,
VT-ABC-WO-6426,VT-ABC,SG-5997,Inspection,RET-U43XD,2024-11-14 12:24:44,2024-10-24 07:02:18,5,32,Hydraulic leak,Seal,3,CC-8YPDO,False,False,
VT-ABC-WO-3346,VT-ABC,UK-2300,Inspection,MTC-MCCBY,2024-10-02 11:14:32,2024-12-14 00:31:30,5,32,Hydraulic leak,Seal,3,OPS-NXZ5T,False,False,
VT-ABC-WO-5431,VT-ABC,AF-3637,Inspection,SEC-WP69O,2024-10-25 06:41:42,2024-11-07 17:27:01,5,32,Hydraulic leak,Seal,3,RET-WQWWF,False,False,
VT-ABC-WO-6389,VT-ABC,BA-441,Inspection,CC-CMXS5,2024-10-17 16:23:46,2024-11-15 16:21:36,5,32,Hydraulic leak,Seal,3,CC-YIYAJ,False,False,
VT-ABC-WO-6606,VT-ABC,LH-3746,Inspection,CC-WW3A2,2024-11-10 18:18:35,2024-11-11 18:38:47,5,32,Hydraulic leak,Seal,3,RET-4PZY1,False,False,
VT-ABC-WO-4769,VT-ABC,SG-9224,Inspection,OPS-QZBDN,2024-10-25 00:16:02,2024-10-01 23:26:44,5,32,Hydraulic leak,Seal,3,OPS-O92ML,False,False,
VT-ABC-WO-4562,VT-ABC,EK-280,Inspection,GH-MIMUF,2024-10-24 18:47:36,2024-11-10 00:36:45,5,32,Hydraulic leak,Seal,3,RET-Q2BYX,False,False,
VT-ABC-WO-8442,VT-ABC,AF-3478,Inspection,RET-0SILP,2024-11-07 13:12:26,2024-11-13 22:53:38,5,32,Hydraulic leak,Seal,3,OPS-MEEP9,False,False,
VT-ABC-WO-6883,VT-ABC,KL-1369,Inspection,MTC-ZO9M2,2024-12-12 08:53:58,2024-12-11 08:37:45,5,32,Hydraulic leak,Seal,3,GH-T05WF,False,False,
VT-ABC-WO-9897,VT-ABC,EK-5370,Inspection,GH-RXZ38,2024-10-03 03:43:03,2024-11-13 17:24:18,5,32,Hydraulic leak,Seal,3,CC-6M4NM,False,False,
VT-ABC-WO-9369,VT-ABC,BA-4964,Inspection,SEC-HJM8D,2024-10-24 01:50:28,2024-11-07 17:46:54,5,32,Hydraulic leak,Seal,3,OPS-CW8EW,False,False,
VT-ABC-WO-2447,VT-ABC,SQ-6988,Inspection,SEC-Y9D2N,2024-12-30 09:16:37,2024-10-12 23:42:13,5,32,Hydraulic leak,Seal,3,OPS-WKFN4,False,False,
VT-ABC-WO-2395,VT-ABC,AI-3788,Inspection,MTC-NTCL7,2024-10-25 17:58:34,2024-11-29 03:56:22,5,32,Hydraulic leak,Seal,3,SEC-N60SI,False,False,
VT-ABC-WO-3459,VT-ABC,SG-7608,Inspection,GH-3VE2P,2024-10-27 12:08:21,2024-12-03 08:25:34,5,32,Hydraulic leak,Seal,3,SEC-W9FHR,False,False,
VT-ABC-WO-1558,VT-ABC,QR-1916,Inspection,OPS-LMZG8,2024-12-01 05:06:25,2024-12-07 03:14:41,5,32,Hydraulic leak,Seal,3,GH-3EY7K,False,False,
VT-ABC-WO-6033,VT-ABC,IX-9796,Inspection,OPS-7CP3E,2024-10-19 19:13:30,2024-10-19 11:51:44,5,32,Hydraulic leak,Seal,3,RET-YAG2C,False,False,
VT-ABC-WO-2510,VT-ABC,LH-286,Inspection,MTC-4BTKQ,2024-10-17 15:49:58,2024-12-24 07:03:39,5,32,Hydraulic leak,Seal,3,GH-XND1T,False,False,
VT-ABC-WO-1687,VT-ABC,SG-1728,Inspection,CC-LFXFY,2024-11-03 23:05:51,2024-12-09 06:54:19,5,32,Hydraulic leak,Seal,3,CC-UEZRG,False,False,
VT-ABC-WO-9313,VT-ABC,AI-5756,Inspection,SEC-NH261,2024-11-05 23:28:06,2024-10-01 04:35:07,5,32,Hydraulic leak,Seal,3,OPS-C7H94,False,False,
VT-ABC-WO-6659,VT-ABC,AF-7400,Inspection,CC-IGJBM,2024-12-11 08:49:36,2024-12-23 02:57:31,5,32,Hydraulic leak,Seal,3,CC-4P58O,False,False,
VT-ABC-WO-3148,VT-ABC,AF-3234,Inspection,CC-NNRAZ,2024-11-15 23:41:42,2024-12-21 21:48:46,5,32,Hydraulic leak,Seal,3,CC-RX96H,False,False,
VT-ABC-WO-8198,VT-ABC,SG-4660,Inspection,CC-82EUN,2024-10-04 01:46:56,2024-12-24 08:47:47,5,32,Hydraulic leak,Seal,3,CC-DNGUU,False,False,
VT-ABC-WO-2058,VT-ABC,BA-7454,Inspection,GH-PSWXB,2024-12-28 22:47:57,2024-11-15 11:41:47,5,32,Hydraulic leak,Seal,3,CC-Q3G1V,False,False,
VT-ABC-WO-2449,VT-ABC,QR-233,Inspection,RET-BQ72K,2024-10-28 06:18:24,2024-12-08 08:12:41,5,32,Hydraulic leak,Seal,3,GH-R99SZ,False,False,
VT-ABC-WO-7876,VT-ABC,6E-7500,Inspection,CC-AKVSS,2024-11-11 01:39:26,2024-12-10 10:55:43,5,32,Hydraulic leak,Seal,3,SEC-8HS1V,False,False,
VT-ABC-WO-7304,VT-ABC,SG-3164,Inspection,CC-U8QVC,2024-11-01 16:06:41,2024-10-01 16:34:15,5,32,Hydraulic leak,Seal,3,CC-4JVV5,False,False,
VT-ABC-WO-5600,VT-ABC,KL-7243,Inspection,OPS-A5524,2024-11-28 14:06:07,2024-12-24 09:23:08,5,32,Hydraulic leak,Seal,3,CC-FR5EH,False,False,
VT-ABC-WO-7305,VT-ABC,SQ-7054,Inspection,OPS-J8HN5,2024-12-14 06:25:33,2024-10-26 17:15:37,5,32,Hydraulic leak,Seal,3,CC-KVNO3,False,False,
VT-ABC-WO-5185,VT-ABC,QR-4463,Inspection,MTC-4QTU7,2024-12-12 08:37:06,2024-12-28 03:48:36,5,32,Hydraulic leak,Seal,3,SEC-GYERG,False,False,
VT-ABC-WO-1248,VT-ABC,SQ-6053,Inspection,RET-L471E,2024-10-30 12:31:58,2024-12-23 09:33:04,5,32,Hydraulic leak,Seal,3,CC-OITW2,False,False,
VT-ABC-WO-2483,VT-ABC,QR-4555,Inspection,OPS-BKPGG,2024-12-29 10:35:56,2024-11-23 05:05:02,5,32,Hydraulic leak,Seal,3,MTC-ECJUV,False,False,
VT-ABC-WO-8644,VT-ABC,AF-4257,Inspection,MTC-P8PO2,2024-12-26 14:09:00,2024-12-20 21:46:02,5,32,Hydraulic leak,Seal,3,MTC-5PFU3,False,False,
VT-ABC-WO-7325,VT-ABC,UK-602,Inspection,OPS-Q7FCW,2024-12-03 21:22:18,2024-11-05 04:39:44,5,32,Hydraulic leak,Seal,3,RET-4YLIT,False,False,
VT-ABC-WO-5879,VT-ABC,QR-5671,Inspection,GH-HQT0F,2024-11-07 21:13:22,2024-12-09 11:30:34,5,32,Hydraulic leak,Seal,3,MTC-TLX07,False,False,
VT-ABC-WO-6941,VT-ABC,IX-923,Inspection,SEC-5YRKE,2024-11-30 16:52:55,2024-10-21 23:52:45,5,32,Hydraulic leak,Seal,3,MTC-EZC3M,False,False,
VT-ABC-WO-8336,VT-ABC,EK-7794,Inspection,MTC-94157,2024-10-17 09:47:08,2024-10-07 22:17:53,5,32,Hydraulic leak,Seal,3,SEC-VM7FR,False,False,
VT-ABC-WO-4382,VT-ABC,IX-8671,Inspection,CC-KHQ5N,2024-10-23 15:59:52,2024-10-22 05:56:06,5,32,Hydraulic leak,Seal,3,MTC-31RU6,False,False,
VT-ABC-WO-9877,VT-ABC,AI-9070,Inspection,SEC-32RTH,2024-10-15 12:54:41,2024-10-18 19:02:08,5,32,Hydraulic leak,Seal,3,RET-SZKFQ,False,False,
VT-ABC-WO-4737,VT-ABC,EK-9096,Inspection,GH-TSDXG,2024-11-14 12:44:07,2024-10-20 13:39:57,5,32,Hydraulic leak,Seal,3,SEC-6ZRL1,False,False,
VT-ABC-WO-7869,VT-ABC,EK-5266,Inspection,SEC-7FJVZ,2024-10-23 17:22:24,2024-12-22 07:07:36,5,32,Hydraulic leak,Seal,3,RET-WBJDX,False,False,
VT-ABC-WO-4961,VT-ABC,AI-6381,Inspection,RET-FVEU1,2024-12-19 17:05:26,2024-11-10 23:20:33,5,32,Hydraulic leak,Seal,3,GH-MQCBV,False,False,
VT-ABC-WO-1087,VT-ABC,KL-5784,Inspection,SEC-KW5P1,2024-12-09 14:19:38,2024-11-09 12:58:58,5,32,Hydraulic leak,Seal,3,CC-HZDZZ,False,False,
VT-ABC-WO-6064,VT-ABC,6E-2217,Inspection,MTC-8THQ5,2024-10-16 04:32:28,2024-11-23 23:45:47,5,32,Hydraulic leak,Seal,3,MTC-AAN4Z,False,False,
VT-ABC-WO-2365,VT-ABC,AI-2000,Inspection,CC-SSH4Y,2024-11-22 10:17:27,2024-11-02 23:29:25,5,32,Hydraulic leak,Seal,3,RET-VJ36G,False,False,
VT-ABC-WO-8343,VT-ABC,6E-7869,Inspection,SEC-YR438,2024-11-07 10:31:45,2024-12-23 10:35:31,5,32,Hydraulic leak,Seal,3,CC-PZKM0,False,False,
VT-ABC-WO-8079,VT-ABC,AF-8793,Inspection,SEC-4DOOU,2024-10-06 14:45:18,2024-10-17 20:26:31,5,32,Hydraulic leak,Seal,3,MTC-ZQ7WS,False,False,
VT-ABC-WO-8507,VT-ABC,AF-9002,Inspection,OPS-J9D44,2024-12-08 14:56:40,2024-12-19 13:57:27,5,32,Hydraulic leak,Seal,3,MTC-4XZXV,False,False,
VT-ABC-WO-1851,VT-ABC,6E-2755,Inspection,SEC-4MSDH,2024-10-11 04:45:12,2024-11-06 11:24:27,5,32,Hydraulic leak,Seal,3,OPS-RLEMR,False,False,
VT-ABC-WO-7204,VT-ABC,KL-7305,Inspection,GH-DC5YW,2024-10-09 21:36:46,2024-11-27 08:35:29,5,32,Hydraulic leak,Seal,3,GH-P8I2Q,False,False,
VT-ABC-WO-3450,VT-ABC,SQ-3327,Inspection,RET-W74GE,2024-12-21 16:58:45,2024-11-18 11:44:24,5,32,Hydraulic leak,Seal,3,GH-ZFE84,False,False,
VT-ABC-WO-9745,VT-ABC,LH-979,Inspection,GH-I0ONQ,2024-11-12 23:37:09,2024-10-18 03:09:21,5,32,Hydraulic leak,Seal,3,OPS-6OGDJ,False,False,
VT-ABC-WO-5117,VT-ABC,BA-2358,Inspection,SEC-CZMPV,2024-12-25 07:47:12,2024-11-25 05:46:26,5,32,Hydraulic leak,Seal,3,MTC-X2OG3,False,False,
VT-ABC-WO-2572,VT-ABC,KL-8143,Inspection,MTC-DNF9S,2024-10-26 21:19:05,2024-10-14 10:51:32,5,32,Hydraulic leak,Seal,3,MTC-DXI73,False,False,
VT-ABC-WO-5603,VT-ABC,UK-7470,Inspection,SEC-9U5JQ,2024-11-20 03:29:00,2024-12-25 09:03:20,5,32,Hydraulic leak,Seal,3,CC-Q9VDP,False,False,
VT-ABC-WO-3832,VT-ABC,SQ-5271,Inspection,OPS-E2CHH,2024-10-17 03:23:23,2024-11-02 18:50:52,5,32,Hydraulic leak,Seal,3,GH-2VRDF,False,False,
VT-ABC-WO-1439,VT-ABC,LH-2053,Inspection,CC-EZ1EL,2024-10-11 13:38:39,2024-10-13 20:37:29,5,32,Hydraulic leak,Seal,3,OPS-5758V,False,False,
VT-ABC-WO-9399,VT-ABC,AF-4097,Inspection,SEC-9FKYD,2024-12-26 10:41:10,2024-11-02 03:12:53,5,32,Hydraulic leak,Seal,3,GH-TZGO8,False,False,
VT-ABC-WO-7480,VT-ABC,AF-3478,Inspection,CC-9XLC1,2024-11-22 18:26:25,2024-12-20 22:58:07,5,32,Hydraulic leak,Seal,3,OPS-KRT5I,False,False,
VT-ABC-WO-8925,VT-ABC,AF-6113,Inspection,GH-UICU5,2024-11-01 18:01:19,2024-10-11 02:07:38,5,32,Hydraulic leak,Seal,3,SEC-08YW3,False,False,
VT-ABC-WO-1939,VT-ABC,LH-286,Inspection,MTC-0N6LY,2024-11-27 10:19:27,2024-12-15 19:17:03,5,32,Hydraulic leak,Seal,3,GH-VDA7T,False,False,
VT-ABC-WO-3054,VT-ABC,AF-1366,Inspection,GH-GEBC7,2024-12-24 15:24:18,2024-10-08 00:48:29,5,32,Hydraulic leak,Seal,3,OPS-V2APX,False,False,
VT-ABC-WO-6946,VT-ABC,SG-4302,Inspection,GH-GW22F,2024-10-25 05:06:04,2024-10-29 07:41:44,5,32,Hydraulic leak,Seal,3,CC-NAQGK,False,False,
VT-ABC-WO-1027,VT-ABC,AI-1245,Inspection,GH-OGONH,2024-12-30 21:54:18,2024-11-03 21:05:55,5,32,Hydraulic leak,Seal,3,OPS-B1LYU,False,False,
VT-ABC-WO-7104,VT-ABC,EK-6631,Inspection,CC-TEHOJ,2024-10-12 12:12:49,2024-10-18 06:55:32,5,32,Hydraulic leak,Seal,3,SEC-7BH3Y,False,False,
VT-ABC-WO-5580,VT-ABC,IX-3850,Inspection,OPS-WAMG7,2024-11-14 09:50:43,2024-12-09 14:49:30,5,32,Hydraulic leak,Seal,3,MTC-TEIIP,False,False,
VT-ABC-WO-9206,VT-ABC,IX-9164,Inspection,GH-PCN2U,2024-10-22 14:16:31,2024-10-01 00:40:13,5,32,Hydraulic leak,Seal,3,GH-IL5XY,False,False,
VT-ABC-WO-1577,VT-ABC,SQ-1712,Inspection,RET-F6KFT,2024-10-08 11:38:44,2024-11-06 18:24:11,5,32,Hydraulic leak,Seal,3,CC-MEDGY,False,False,
VT-ABC-WO-7606,VT-ABC,6E-8601,Inspection,OPS-GGB5U,2024-11-26 09:56:33,2024-10-03 18:36:49,5,32,Hydraulic leak,Seal,3,MTC-1CLZT,False,False,
VT-ABC-WO-6516,VT-ABC,AF-8948,Inspection,OPS-FCK0T,2024-12-19 01:08:41,2024-10-31 14:27:29,5,32,Hydraulic leak,Seal,3,OPS-JIWJO,False,False,
VT-ABC-WO-1412,VT-ABC,QR-3827,Inspection,RET-CNAJ5,2024-11-23 21:10:39,2024-12-09 20:11:18,5,32,Hydraulic leak,Seal,3,MTC-XVRV6,False,False,
VT-ABC-WO-1336,VT-ABC,KL-1215,Inspection,GH-FU1T1,2024-12-15 18:15:35,2024-10-28 05:54:03,5,32,Hydraulic leak,Seal,3,CC-6SDN6,False,False,
VT-ABC-WO-5895,VT-ABC,KL-5784,Inspection,MTC-U6JEL,2024-11-06 21:22:52,2024-10-30 14:54:49,5,32,Hydraulic leak,Seal,3,SEC-ZW773,False,False,
VT-ABC-WO-9785,VT-ABC,LH-2599,Inspection,SEC-AOTTU,2024-12-15 01:28:05,2024-11-05 16:48:42,5,32,Hydraulic leak,Seal,3,GH-CQ6O0,False,False,
VT-ABC-WO-5346,VT-ABC,6E-9512,Inspection,CC-NDUBP,2024-12-08 01:20:20,2024-11-23 22:16:45,5,32,Hydraulic leak,Seal,3,GH-NOEGD,False,False,
VT-ABC-WO-5849,VT-ABC,BA-5219,Inspection,SEC-9AU59,2024-12-15 05:35:28,2024-11-09 04:24:38,5,32,Hydraulic leak,Seal,3,SEC-MEHIO,False,False,
VT-ABC-WO-1328,VT-ABC,AI-9248,Inspection,CC-RDIQ2,2024-12-06 16:19:12,2024-10-16 16:17:23,5,32,Hydraulic leak,Seal,3,MTC-F4MOX,False,False,
VT-ABC-WO-4522,VT-ABC,IX-8361,Inspection,RET-DSRB9,2024-11-16 09:53:18,2024-12-22 12:06:52,5,32,Hydraulic leak,Seal,3,OPS-8FZ7Y,False,False,
VT-ABC-WO-6961,VT-ABC,KL-8158,Inspection,CC-01XPW,2024-11-10 16:10:04,2024-10-13 01:10:34,5,32,Hydraulic leak,Seal,3,RET-A9JUT,False,False,
VT-ABC-WO-3505,VT-ABC,SQ-1452,Inspection,GH-9ICP9,2024-11-15 18:10:05,2024-10-12 01:08:09,5,32,Hydraulic leak,Seal,3,SEC-46F3M,False,False,
VT-ABC-WO-3755,VT-ABC,UK-8354,Inspection,GH-PYMKM,2024-11-07 01:30:57,2024-12-07 21:41:13,5,32,Hydraulic leak,Seal,3,SEC-15OSY,False,False,
VT-ABC-WO-3739,VT-ABC,KL-8143,Inspection,GH-YC2C6,2024-10-07 15:31:22,2024-11-07 17:35:36,5,32,Hydraulic leak,Seal,3,MTC-E6HI7,False,False,
VT-ABC-WO-5878,VT-ABC,BA-4692,Inspection,OPS-B5W1Y,2024-12-23 22:56:50,2024-12-25 04:20:55,5,32,Hydraulic leak,Seal,3,MTC-3FMMJ,False,False,
VT-ABC-WO-1772,VT-ABC,SG-1280,Inspection,OPS-AIQFZ,2024-12-15 17:39:53,2024-10-23 01:03:24,5,32,Hydraulic leak,Seal,3,MTC-IASOD,False,False,
VT-ABC-WO-4406,VT-ABC,EK-8712,Inspection,GH-POQOA,2024-10-21 18:48:51,2024-11-06 02:54:44,5,32,Hydraulic leak,Seal,3,MTC-QTX82,False,False,
VT-ABC-WO-5505,VT-ABC,AF-7517,Inspection,MTC-GEEMO,2024-12-17 22:24:26,2024-11-05 01:47:04,5,32,Hydraulic leak,Seal,3,MTC-FEGQU,False,False,
VT-ABC-WO-6463,VT-ABC,AF-5445,Inspection,SEC-0UF4P,2024-10-27 18:32:27,2024-10-29 11:04:57,5,32,Hydraulic leak,Seal,3,SEC-2DT6F,False,False,
VT-ABC-WO-1331,VT-ABC,UK-7267,Inspection,RET-T1UZR,2024-12-25 01:17:26,2024-12-29 14:12:24,5,32,Hydraulic leak,Seal,3,SEC-XAG2V,False,False,
VT-ABC-WO-9903,VT-ABC,UK-9035,Inspection,CC-2KA8D,2024-11-24 21:05:42,2024-10-10 09:44:25,5,32,Hydraulic leak,Seal,3,SEC-A7PPL,False,False,
VT-ABC-WO-7707,VT-ABC,KL-7267,Inspection,GH-6ZHRN,2024-11-27 10:20:42,2024-11-04 14:45:05,5,32,Hydraulic leak,Seal,3,SEC-4ZCAZ,False,False,
VT-ABC-WO-4540,VT-ABC,QR-8616,Inspection,OPS-GEPA6,2024-12-29 11:37:48,2024-12-26 21:42:44,5,32,Hydraulic leak,Seal,3,RET-BO4KH,False,False,
VT-ABC-WO-3208,VT-ABC,6E-3212,Inspection,OPS-K3L48,2024-10-25 14:54:04,2024-12-15 13:04:16,5,32,Hydraulic leak,Seal,3,MTC-QZXM8,False,False,
VT-ABC-WO-1542,VT-ABC,UK-8354,Inspection,MTC-QO82H,2024-12-03 13:29:21,2024-12-06 00:38:24,5,32,Hydraulic leak,Seal,3,RET-F2SP7,False,False,
VT-ABC-WO-2029,VT-ABC,AF-596,Inspection,GH-ULTVC,2024-10-07 16:23:30,2024-11-03 04:32:18,5,32,Hydraulic leak,Seal,3,OPS-IEP9Y,False,False,
VT-ABC-WO-2949,VT-ABC,LH-7321,Inspection,GH-5026X,2024-12-08 03:44:30,2024-11-10 18:55:02,5,32,Hydraulic leak,Seal,3,SEC-WV6KN,False,False,
VT-ABC-WO-9647,VT-ABC,UK-3465,Inspection,CC-SLE29,2024-11-25 17:58:05,2024-10-14 06:41:00,5,32,Hydraulic leak,Seal,3,GH-N44X1,False,False,
VT-ABC-WO-4445,VT-ABC,AI-9760,Inspection,CC-JEDZ1,2024-10-19 09:44:58,2024-12-20 16:44:35,5,32,Hydraulic leak,Seal,3,OPS-4P7SY,False,False,
VT-ABC-WO-2059,VT-ABC,BA-2412,Inspection,OPS-Z62KB,2024-12-07 03:40:13,2024-12-06 21:59:36,5,32,Hydraulic leak,Seal,3,RET-RXQFV,False,False,
VT-ABC-WO-2827,VT-ABC,KL-4683,Inspection,CC-K9TML,2024-10-04 00:32:17,2024-11-13 13:48:12,5,32,Hydraulic leak,Seal,3,CC-NJL6Q,False,False,
VT-ABC-WO-7256,VT-ABC,AF-8007,Inspection,CC-N45CN,2024-11-09 15:58:56,2024-10-31 15:15:03,5,32,Hydraulic leak,Seal,3,MTC-HV6G0,False,False,
VT-ABC-WO-9451,VT-ABC,BA-8354,Inspection,SEC-H8LK6,2024-11-18 13:12:11,2024-11-28 06:50:13,5,32,Hydraulic leak,Seal,3,GH-PW0W6,False,False,
VT-ABC-WO-9522,VT-ABC,SQ-6988,Inspection,CC-9E6PA,2024-10-13 00:34:32,2024-10-01 19:31:36,5,32,Hydraulic leak,Seal,3,OPS-C89H2,False,False,
VT-ABC-WO-3312,VT-ABC,6E-2348,Inspection,MTC-T732G,2024-10-24 14:15:25,2024-11-04 21:22:05,5,32,Hydraulic leak,Seal,3,MTC-MGHU5,False,False,
VT-ABC-WO-3091,VT-ABC,LH-4567,Inspection,GH-0QV61,2024-10-27 20:37:30,2024-11-21 00:16:42,5,32,Hydraulic leak,Seal,3,SEC-9V6BD,False,False,
VT-ABC-WO-2804,VT-ABC,KL-2732,Inspection,OPS-D79M9,2024-12-06 17:48:47,2024-10-13 06:40:42,5,32,Hydraulic leak,Seal,3,SEC-CJLKS,False,False,
VT-ABC-WO-1733,VT-ABC,6E-3795,Inspection,GH-FF3F9,2024-12-16 14:57:55,2024-10-04 01:38:19,5,32,Hydraulic leak,Seal,3,CC-H97B5,False,False,
VT-ABC-WO-9391,VT-ABC,IX-420,Inspection,SEC-DOGNT,2024-11-26 01:15:26,2024-10-27 10:15:11,5,32,Hydraulic leak,Seal,3,CC-F0UA7,False,False,
VT-ABC-WO-1715,VT-ABC,SG-4979,Inspection,SEC-UM4P2,2024-10-08 17:31:21,2024-11-27 13:01:52,5,32,Hydraulic leak,Seal,3,CC-2KTI9,False,False,
VT-ABC-WO-7836,VT-ABC,IX-2086,Inspection,SEC-L962E,2024-11-15 22:04:12,2024-11-04 22:21:29,5,32,Hydraulic leak,Seal,3,RET-C33PF,False,False,
VT-ABC-WO-7446,VT-ABC,SG-8414,Inspection,OPS-U11XT,2024-12-01 15:43:28,2024-12-08 21:29:45,5,32,Hydraulic leak,Seal,3,CC-AGGKS,False,False,
VT-ABC-WO-1755,VT-ABC,IX-983,Inspection,SEC-F84WD,2024-11-24 19:05:38,2024-11-24 11:40:52,5,32,Hydraulic leak,Seal,3,GH-6TTK3,False,False,
VT-ABC-WO-2936,VT-ABC,BA-7318,Inspection,OPS-40KFB,2024-11-11 02:07:27,2024-11-03 15:36:01,5,32,Hydraulic leak,Seal,3,SEC-30K68,False,False,
VT-ABC-WO-4943,VT-ABC,EK-7794,Inspection,OPS-65GC9,2024-12-28 04:52:29,2024-12-29 13:51:09,5,32,Hydraulic leak,Seal,3,RET-QEWW0,False,False,
VT-ABC-WO-5782,VT-ABC,EK-1004,Inspection,GH-VMGQ2,2024-10-08 03:31:06,2024-11-23 12:27:16,5,32,Hydraulic leak,Seal,3,CC-D24P2,False,False,
VT-ABC-WO-4755,VT-ABC,QR-7902,Inspection,MTC-4C7IB,2024-10-12 15:55:07,2024-10-09 05:36:00,5,32,Hydraulic leak,Seal,3,CC-1V9XV,False,False,
VT-ABC-WO-4232,VT-ABC,AI-7113,Inspection,OPS-3MV98,2024-11-21 23:46:23,2024-11-07 14:16:15,5,32,Hydraulic leak,Seal,3,CC-XHLQJ,False,False,
VT-ABC-WO-9070,VT-ABC,AF-5669,Inspection,RET-18RFD,2024-12-23 08:11:39,2024-10-08 07:59:49,5,32,Hydraulic leak,Seal,3,RET-CJBZU,False,False,
VT-ABC-WO-1340,VT-ABC,EK-1841,Inspection,CC-8SM8G,2024-11-07 08:01:13,2024-12-10 07:36:44,5,32,Hydraulic leak,Seal,3,SEC-2HE20,False,False,
VT-ABC-WO-1503,VT-ABC,6E-6601,Inspection,SEC-5DHNO,2024-11-24 15:56:20,2024-11-09 13:45:23,5,32,Hydraulic leak,Seal,3,SEC-QULXD,False,False,
VT-ABC-WO-3509,VT-ABC,SG-4660,Inspection,OPS-U39SY,2024-10-29 10:58:51,2024-11-27 21:31:07,5,32,Hydraulic leak,Seal,3,CC-1KI8F,False,False,
VT-ABC-WO-3653,VT-ABC,IX-9164,Inspection,OPS-DUPGA,2024-10-06 16:16:35,2024-10-18 01:44:58,5,32,Hydraulic leak,Seal,3,GH-OFMWB,False,False,
VT-ABC-WO-6647,VT-ABC,AF-596,Inspection,SEC-PMILR,2024-11-18 17:42:28,2024-11-11 05:27:40,5,32,Hydraulic leak,Seal,3,OPS-H5AD4,False,False,
VT-ABC-WO-5506,VT-ABC,AI-9448,Inspection,CC-O8SHA,2024-11-10 21:23:52,2024-12-03 19:29:34,5,32,Hydraulic leak,Seal,3,OPS-Y2VH5,False,False,
VT-ABC-WO-3393,VT-ABC,KL-2159,Inspection,GH-6TECY,2024-11-29 13:27:57,2024-11-07 09:07:19,5,32,Hydraulic leak,Seal,3,MTC-WC03L,False,False,
VT-ABC-WO-9334,VT-ABC,LH-1948,Inspection,OPS-YNKLD,2024-10-08 07:47:24,2024-12-19 11:44:10,5,32,Hydraulic leak,Seal,3,OPS-AHV22,False,False,
VT-ABC-WO-4239,VT-ABC,QR-718,Inspection,OPS-V0IQC,2024-12-26 11:46:36,2024-11-25 16:03:56,5,32,Hydraulic leak,Seal,3,CC-6O9LJ,False,False,
VT-ABC-WO-5898,VT-ABC,BA-6962,Inspection,SEC-05ZQR,2024-12-17 08:34:33,2024-10-13 03:45:15,5,32,Hydraulic leak,Seal,3,MTC-OKDLM,False,False,
VT-ABC-WO-4720,VT-ABC,SQ-2661,Inspection,OPS-7W8KT,2024-12-12 14:11:07,2024-12-12 09:10:21,5,32,Hydraulic leak,Seal,3,MTC-PMIFJ,False,False,
VT-ABC-WO-8127,VT-ABC,6E-3574,Inspection,RET-H3ZBN,2024-10-19 16:50:20,2024-10-15 14:43:17,5,32,Hydraulic leak,Seal,3,MTC-2NIMV,False,False,
VT-ABC-WO-4489,VT-ABC,SG-8853,Inspection,OPS-KOD19,2024-10-05 06:04:22,2024-12-01 08:48:07,5,32,Hydraulic leak,Seal,3,RET-MNPZB,False,False,
VT-ABC-WO-7845,VT-ABC,UK-8354,Inspection,MTC-UXYRB,2024-12-25 13:42:20,2024-12-22 17:35:16,5,32,Hydraulic leak,Seal,3,OPS-K9SIS,False,False,
VT-ABC-WO-1462,VT-ABC,QR-233,Inspection,OPS-X3CW7,2024-11-24 22:14:37,2024-10-18 04:11:29,5,32,Hydraulic leak,Seal,3,SEC-7KNM6,False,False,
VT-ABC-WO-1800,VT-ABC,IX-6343,Inspection,RET-PMW5X,2024-11-12 19:43:43,2024-10-29 22:24:18,5,32,Hydraulic leak,Seal,3,MTC-KIPA9,False,False,
VT-ABC-WO-2596,VT-ABC,KL-5003,Inspection,RET-2C7I6,2024-10-14 08:49:02,2024-11-26 05:37:37,5,32,Hydraulic leak,Seal,3,GH-5YX99,False,False,
VT-ABC-WO-1615,VT-ABC,SG-226,Inspection,MTC-MYF2M,2024-11-03 21:20:09,2024-12-29 02:24:35,5,32,Hydraulic leak,Seal,3,SEC-FVERP,False,False,
VT-ABC-WO-4526,VT-ABC,QR-5671,Inspection,GH-6OUJX,2024-12-05 04:28:29,2024-11-19 05:19:01,5,32,Hydraulic leak,Seal,3,RET-DG6DD,False,False,
VT-ABC-WO-3778,VT-ABC,6E-5154,Inspection,RET-RNHBG,2024-12-08 22:04:12,2024-10-15 09:49:42,5,32,Hydraulic leak,Seal,3,MTC-ZOJV6,False,False,
VT-ABC-WO-5735,VT-ABC,SG-6270,Inspection,OPS-C5W3N,2024-11-20 22:54:29,2024-11-21 17:45:50,5,32,Hydraulic leak,Seal,3,GH-1BATP,False,False,
VT-ABC-WO-2531,VT-ABC,EK-610,Inspection,CC-FCW23,2024-12-02 20:55:01,2024-10-18 16:11:12,5,32,Hydraulic leak,Seal,3,CC-QX4N3,False,False,
VT-ABC-WO-4409,VT-ABC,SG-9048,Inspection,GH-JV7MP,2024-10-08 09:25:04,2024-10-09 20:03:18,5,32,Hydraulic leak,Seal,3,GH-CUXIF,False,False,
VT-ABC-WO-1242,VT-ABC,KL-9081,Inspection,RET-ZBI8W,2024-12-01 22:51:15,2024-11-07 23:21:22,5,32,Hydraulic leak,Seal,3,GH-PH3V6,False,False,
VT-ABC-WO-6695,VT-ABC,SG-8133,Inspection,MTC-OTV32,2024-11-26 02:04:57,2024-12-12 09:30:12,5,32,Hydraulic leak,Seal,3,CC-OEJ56,False,False,
VT-ABC-WO-1464,VT-ABC,IX-3170,Inspection,RET-831WY,2024-10-22 23:34:02,2024-10-15 16:19:05,5,32,Hydraulic leak,Seal,3,CC-IR6ML,False,False,
VT-ABC-WO-6892,VT-ABC,SQ-2021,Inspection,GH-U6L4T,2024-11-11 19:02:08,2024-11-30 10:59:07,5,32,Hydraulic leak,Seal,3,RET-MIISF,False,False,
VT-ABC-WO-5902,VT-ABC,QR-1916,Inspection,RET-NJ2GT,2024-12-26 05:48:40,2024-12-01 00:15:15,5,32,Hydraulic leak,Seal,3,GH-CNC8K,False,False,
VT-ABC-WO-5346,VT-ABC,6E-3239,Inspection,CC-BWCXR,2024-11-24 01:36:03,2024-10-21 06:43:45,5,32,Hydraulic leak,Seal,3,SEC-2YEKS,False,False,
VT-ABC-WO-1639,VT-ABC,AI-9673,Inspection,CC-D3PVK,2024-10-08 05:26:15,2024-12-30 23:08:10,5,32,Hydraulic leak,Seal,3,MTC-JYV1P,False,False,
VT-ABC-WO-5283,VT-ABC,6E-266,Inspection,GH-NCHL0,2024-11-06 06:24:38,2024-12-05 21:52:50,5,32,Hydraulic leak,Seal,3,SEC-12HHM,False,False,
VT-ABC-WO-1104,VT-ABC,SG-6206,Inspection,SEC-95X36,2024-11-05 11:05:55,2024-11-22 02:50:04,5,32,Hydraulic leak,Seal,3,OPS-EYQYI,False,False,
VT-ABC-WO-5354,VT-ABC,QR-3312,Inspection,RET-48EDY,2024-12-14 20:02:15,2024-11-10 09:22:51,5,32,Hydraulic leak,Seal,3,MTC-OM9VN,False,False,
VT-ABC-WO-3782,VT-ABC,LH-3002,Inspection,SEC-OX22H,2024-12-28 13:11:01,2024-11-28 03:31:15,5,32,Hydraulic leak,Seal,3,MTC-YW2OF,False,False,
VT-ABC-WO-3300,VT-ABC,SG-1658,Inspection,GH-I10FP,2024-12-03 18:07:53,2024-12-18 22:41:35,5,32,Hydraulic leak,Seal,3,SEC-AFQ90,False,False,
VT-ABC-WO-1569,VT-ABC,SG-415,Inspection,RET-6S3I3,2024-12-01 19:06:50,2024-12-11 07:26:44,5,32,Hydraulic leak,Seal,3,OPS-Q5PG8,False,False,
VT-ABC-WO-5055,VT-ABC,UK-466,Inspection,OPS-IWACI,2024-11-26 13:28:14,2024-10-30 07:24:22,5,32,Hydraulic leak,Seal,3,OPS-YR7WL,False,False,
VT-ABC-WO-1419,VT-ABC,BA-8354,Inspection,MTC-D5UDL,2024-10-19 23:48:34,2024-11-15 02:14:06,5,32,Hydraulic leak,Seal,3,CC-8A8CE,False,False,
VT-ABC-WO-6895,VT-ABC,QR-1436,Inspection,CC-Z9OL7,2024-11-20 07:49:32,2024-11-28 02:16:22,5,32,Hydraulic leak,Seal,3,GH-OYAV5,False,False,
VT-ABC-WO-3427,VT-ABC,AF-858,Inspection,OPS-GOL2E,2024-11-11 11:23:35,2024-11-10 05:21:32,5,32,Hydraulic leak,Seal,3,MTC-23OCS,False,False,
VT-ABC-WO-8010,VT-ABC,KL-2524,Inspection,CC-AA3MG,2024-10-30 11:02:43,2024-10-13 10:46:55,5,32,Hydraulic leak,Seal,3,OPS-74MCW,False,False,
VT-ABC-WO-2504,VT-ABC,SQ-6749,Inspection,GH-L8X1R,2024-11-10 09:33:41,2024-12-25 19:27:21,5,32,Hydraulic leak,Seal,3,CC-QJ0I6,False,False,
VT-ABC-WO-9007,VT-ABC,SG-9788,Inspection,RET-9MROW,2024-10-19 11:10:01,2024-10-16 12:39:25,5,32,Hydraulic leak,Seal,3,MTC-GPG4Y,False,False,
VT-ABC-WO-2028,VT-ABC,AI-3819,Inspection,MTC-M7WZZ,2024-10-07 12:34:58,2024-10-15 03:37:00,5,32,Hydraulic leak,Seal,3,OPS-G7PJJ,False,False,
VT-ABC-WO-9299,VT-ABC,QR-4441,Inspection,OPS-DAFZ9,2024-10-25 18:12:54,2024-12-03 17:11:10,5,32,Hydraulic leak,Seal,3,MTC-HUMWR,False,False,
VT-ABC-WO-3282,VT-ABC,SG-415,Inspection,CC-XOFMW,2024-12-09 15:37:19,2024-10-11 03:46:14,5,32,Hydraulic leak,Seal,3,CC-0IE6N,False,False,
VT-ABC-WO-8459,VT-ABC,IX-7340,Inspection,GH-KBVYS,2024-10-06 11:20:00,2024-11-16 01:38:13,5,32,Hydraulic leak,Seal,3,CC-ZY5C1,False,False,
VT-ABC-WO-7821,VT-ABC,QR-591,Inspection,OPS-1O1IM,2024-12-06 21:03:22,2024-11-03 12:43:17,5,32,Hydraulic leak,Seal,3,GH-R8JNZ,False,False,
VT-ABC-WO-1463,VT-ABC,AF-6643,Inspection,MTC-BSZ3H,2024-10-25 11:51:50,2024-12-18 08:19:12,5,32,Hydraulic leak,Seal,3,RET-D48JI,False,False,
VT-ABC-WO-6091,VT-ABC,SG-2083,Inspection,OPS-SVZIS,2024-12-29 04:10:47,2024-10-04 14:06:04,5,32,Hydraulic leak,Seal,3,RET-38Q5G,False,False,
VT-ABC-WO-4129,VT-ABC,EK-454,Inspection,CC-S5BO4,2024-11-29 23:16:39,2024-11-14 06:44:21,5,32,Hydraulic leak,Seal,3,CC-RE8SG,False,False,
VT-ABC-WO-3590,VT-ABC,BA-8552,Inspection,CC-C2VIU,2024-11-17 19:20:38,2024-10-11 00:22:19,5,32,Hydraulic leak,Seal,3,RET-EMNVT,False,False,
VT-ABC-WO-5089,VT-ABC,EK-6647,Inspection,SEC-12MJB,2024-11-27 06:00:39,2024-12-06 11:56:23,5,32,Hydraulic leak,Seal,3,OPS-UXT5R,False,False,
VT-ABC-WO-3004,VT-ABC,LH-5149,Inspection,RET-VQJ9G,2024-12-29 01:56:50,2024-11-24 01:07:18,5,32,Hydraulic leak,Seal,3,GH-R2SC1,False,False,
VT-ABC-WO-7832,VT-ABC,SQ-2851,Inspection,OPS-YZ95K,2024-10-26 05:32:58,2024-11-13 10:34:34,5,32,Hydraulic leak,Seal,3,RET-GWQC2,False,False,
VT-ABC-WO-4953,VT-ABC,KL-1992,Inspection,OPS-K1WN4,2024-12-26 00:42:11,2024-12-05 23:25:06,5,32,Hydraulic leak,Seal,3,GH-5TPCH,False,False,
VT-ABC-WO-9340,VT-ABC,KL-7694,Inspection,MTC-8YHLY,2024-10-23 15:27:48,2024-12-20 11:37:54,5,32,Hydraulic leak,Seal,3,OPS-KC9UW,False,False,
VT-ABC-WO-9260,VT-ABC,QR-4287,Inspection,SEC-W7KGM,2024-11-06 19:30:24,2024-10-09 18:07:05,5,32,Hydraulic leak,Seal,3,OPS-H7DC6,False,False,
VT-ABC-WO-7998,VT-ABC,UK-8138,Inspection,RET-AXMMF,2024-12-19 21:36:20,2024-10-28 20:08:56,5,32,Hydraulic leak,Seal,3,SEC-GF992,False,False,
VT-ABC-WO-8599,VT-ABC,AF-3599,Inspection,MTC-HH66P,2024-12-26 02:00:54,2024-11-19 00:31:30,5,32,Hydraulic leak,Seal,3,SEC-I55C2,False,False,
VT-ABC-WO-3526,VT-ABC,SG-695,Inspection,CC-HMHYA,2024-10-20 06:41:32,2024-11-28 21:03:28,5,32,Hydraulic leak,Seal,3,CC-C2WM0,False,False,
VT-ABC-WO-4100,VT-ABC,AF-4097,Inspection,MTC-154X7,2024-10-26 19:50:39,2024-12-07 00:35:38,5,32,Hydraulic leak,Seal,3,RET-6Y97A,False,False,
VT-ABC-WO-3575,VT-ABC,AF-5065,Inspection,CC-RWNHJ,2024-11-12 04:03:47,2024-12-15 20:41:02,5,32,Hydraulic leak,Seal,3,GH-D3MIJ,False,False,
VT-ABC-WO-9981,VT-ABC,BA-8120,Inspection,OPS-VKOR1,2024-12-14 14:42:32,2024-10-01 15:36:54,5,32,Hydraulic leak,Seal,3,GH-HQL91,False,False,
VT-ABC-WO-9314,VT-ABC,QR-9424,Inspection,GH-TXQJ0,2024-10-23 03:11:39,2024-12-03 12:28:43,5,32,Hydraulic leak,Seal,3,CC-0AHBS,False,False,
VT-ABC-WO-9082,VT-ABC,SG-4302,Inspection,CC-RB6SJ,2024-12-30 11:23:16,2024-12-20 00:49:35,5,32,Hydraulic leak,Seal,3,CC-58DG0,False,False,
VT-ABC-WO-1957,VT-ABC,6E-7501,Inspection,OPS-JQOEH,2024-11-21 01:51:31,2024-10-24 09:24:43,5,32,Hydraulic leak,Seal,3,GH-MQ6UT,False,False,
VT-ABC-WO-9234,VT-ABC,AF-7671,Inspection,MTC-J6MIH,2024-11-06 06:27:50,2024-11-10 08:10:17,5,32,Hydraulic leak,Seal,3,MTC-148KW,False,False,
VT-ABC-WO-8383,VT-ABC,EK-793,Inspection,MTC-3M0WP,2024-12-02 15:08:37,2024-12-16 14:25:43,5,32,Hydraulic leak,Seal,3,SEC-SNZ9R,False,False,
VT-ABC-WO-5271,VT-ABC,SG-1658,Inspection,SEC-OSPBY,2024-11-15 23:35:52,2024-11-08 15:30:14,5,32,Hydraulic leak,Seal,3,RET-RQCWS,False,False,
VT-ABC-WO-9630,VT-ABC,LH-7321,Inspection,RET-UY1NK,2024-12-08 12:42:23,2024-12-20 17:46:40,5,32,Hydraulic leak,Seal,3,RET-1ZDVL,False,False,
VT-ABC-WO-2182,VT-ABC,AF-9084,Inspection,SEC-F6Z4I,2024-12-15 19:36:18,2024-12-20 08:00:44,5,32,Hydraulic leak,Seal,3,GH-N0WQL,False,False,
VT-ABC-WO-4739,VT-ABC,KL-1215,Inspection,GH-EQV7E,2024-12-04 10:54:40,2024-11-13 09:36:14,5,32,Hydraulic leak,Seal,3,RET-7BMVX,False,False,
VT-ABC-WO-2657,VT-ABC,LH-4440,Inspection,OPS-MZ69D,2024-11-14 16:33:00,2024-11-15 04:55:24,5,32,Hydraulic leak,Seal,3,MTC-M1TBW,False,False,
VT-ABC-WO-4461,VT-ABC,KL-7989,Inspection,SEC-T86H8,2024-10-09 00:34:22,2024-10-06 11:49:08,5,32,Hydraulic leak,Seal,3,RET-C7AVE,False,False,
VT-ABC-WO-9005,VT-ABC,LH-3345,Inspection,GH-PEL0H,2024-10-23 19:11:09,2024-11-06 07:43:53,5,32,Hydraulic leak,Seal,3,MTC-D3036,False,False,
VT-ABC-WO-8158,VT-ABC,EK-301,Inspection,MTC-H4TTC,2024-11-13 19:27:24,2024-12-01 14:31:23,5,32,Hydraulic leak,Seal,3,GH-YDJLQ,False,False,
VT-ABC-WO-9373,VT-ABC,6E-6034,Inspection,CC-D54SS,2024-12-17 10:27:38,2024-10-02 14:47:30,5,32,Hydraulic leak,Seal,3,MTC-B20YK,False,False,
VT-ABC-WO-3831,VT-ABC,UK-9664,Inspection,OPS-B55PK,2024-10-11 03:44:28,2024-12-29 13:19:03,5,32,Hydraulic leak,Seal,3,OPS-6PNNA,False,False,
VT-ABC-WO-3341,VT-ABC,AF-858,Inspection,RET-O5GDM,2024-11-17 19:16:27,2024-10-09 17:34:42,5,32,Hydraulic leak,Seal,3,RET-RJ9ZY,False,False,
VT-ABC-WO-6620,VT-ABC,SG-3215,Inspection,SEC-0J9EQ,2024-10-25 11:44:27,2024-11-08 13:57:33,5,32,Hydraulic leak,Seal,3,OPS-412YJ,False,False,
VT-ABC-WO-1339,VT-ABC,UK-2273,Inspection,RET-5MPLP,2024-11-27 17:05:24,2024-12-06 18:04:57,5,32,Hydraulic leak,Seal,3,SEC-T43DX,False,False,
VT-ABC-WO-3718,VT-ABC,IX-9702,Inspection,MTC-9EUEF,2024-11-13 05:27:57,2024-12-23 08:32:01,5,32,Hydraulic leak,Seal,3,GH-F6EHT,False,False,
VT-ABC-WO-6019,VT-ABC,BA-4434,Inspection,RET-W4NLL,2024-10-14 13:53:42,2024-12-16 21:19:39,5,32,Hydraulic leak,Seal,3,SEC-ZNCFH,False,False,
VT-ABC-WO-2601,VT-ABC,SG-1523,Inspection,RET-MZZ1Q,2024-11-01 11:29:21,2024-10-02 06:03:33,5,32,Hydraulic leak,Seal,3,SEC-UG4EI,False,False,
VT-ABC-WO-4983,VT-ABC,EK-7555,Inspection,OPS-Z4E3A,2024-12-13 16:57:39,2024-10-07 07:33:24,5,32,Hydraulic leak,Seal,3,CC-GN7AI,False,False,
VT-ABC-WO-5820,VT-ABC,IX-8442,Inspection,CC-VLPKX,2024-12-08 23:35:58,2024-10-07 06:05:31,5,32,Hydraulic leak,Seal,3,CC-8Q6C5,False,False,
VT-ABC-WO-9598,VT-ABC,KL-9646,Inspection,GH-Z1RPI,2024-10-06 03:18:25,2024-11-03 16:41:00,5,32,Hydraulic leak,Seal,3,GH-O3EXJ,False,False,
VT-ABC-WO-7417,VT-ABC,AF-8238,Inspection,RET-06KYV,2024-12-30 02:08:25,2024-11-12 07:17:43,5,32,Hydraulic leak,Seal,3,RET-CJ95X,False,False,
VT-ABC-WO-6706,VT-ABC,AF-3234,Inspection,GH-J73YQ,2024-10-08 15:25:21,2024-10-20 03:32:59,5,32,Hydraulic leak,Seal,3,OPS-H65U7,False,False,
VT-ABC-WO-3745,VT-ABC,KL-3218,Inspection,CC-9DA14,2024-10-24 02:47:42,2024-10-30 23:53:21,5,32,Hydraulic leak,Seal,3,RET-G11T1,False,False,
VT-ABC-WO-9284,VT-ABC,SQ-9420,Inspection,MTC-X6KRH,2024-11-04 19:29:27,2024-10-09 11:53:29,5,32,Hydraulic leak,Seal,3,CC-ZDCXV,False,False,
VT-ABC-WO-6811,VT-ABC,AI-6498,Inspection,GH-67JF3,2024-10-18 15:22:48,2024-12-26 02:21:15,5,32,Hydraulic leak,Seal,3,GH-8DX0U,False,False,
VT-ABC-WO-9113,VT-ABC,LH-6372,Inspection,SEC-JQU00,2024-10-06 13:42:28,2024-12-26 18:41:42,5,32,Hydraulic leak,Seal,3,GH-XMC8X,False,False,
VT-ABC-WO-1194,VT-ABC,KL-4683,Inspection,OPS-VVMX7,2024-10-30 18:18:59,2024-10-28 06:43:30,5,32,Hydraulic leak,Seal,3,SEC-5J55I,False,False,
VT-ABC-WO-2642,VT-ABC,LH-9979,Inspection,OPS-HNCVT,2024-12-02 09:42:47,2024-11-09 22:36:29,5,32,Hydraulic leak,Seal,3,OPS-VQPKT,False,False,
VT-ABC-WO-9938,VT-ABC,IX-6265,Inspection,CC-JC77N,2024-12-19 17:42:53,2024-11-25 12:23:12,5,32,Hydraulic leak,Seal,3,SEC-SQXUJ,False,False,
VT-ABC-WO-6219,VT-ABC,SG-5210,Inspection,RET-GKZED,2024-10-14 06:17:45,2024-10-09 20:35:24,5,32,Hydraulic leak,Seal,3,SEC-9Z5Z5,False,False,
VT-ABC-WO-6283,VT-ABC,KL-7419,Inspection,MTC-QDME7,2024-11-06 05:03:29,2024-10-21 17:30:06,5,32,Hydraulic leak,Seal,3,CC-BSO8H,False,False,
VT-ABC-WO-2371,VT-ABC,EK-3236,Inspection,OPS-8MKB2,2024-10-09 14:21:59,2024-12-14 22:48:46,5,32,Hydraulic leak,Seal,3,RET-L20LW,False,False,
VT-ABC-WO-9684,VT-ABC,IX-2230,Inspection,SEC-HRRYD,2024-12-02 21:01:44,2024-10-07 13:03:35,5,32,Hydraulic leak,Seal,3,RET-A1I1U,False,False,
VT-ABC-WO-6881,VT-ABC,LH-4313,Inspection,OPS-T2IQ0,2024-11-14 18:55:12,2024-11-17 01:39:46,5,32,Hydraulic leak,Seal,3,GH-I3ZYB,False,False,
VT-ABC-WO-7439,VT-ABC,LH-1878,Inspection,CC-4SV99,2024-12-28 03:39:25,2024-11-11 10:20:42,5,32,Hydraulic leak,Seal,3,GH-5DEJ4,False,False,
VT-ABC-WO-8901,VT-ABC,SG-5710,Inspection,GH-MADFD,2024-10-08 00:44:18,2024-12-24 22:05:36,5,32,Hydraulic leak,Seal,3,RET-DR0KJ,False,False,
VT-ABC-WO-6856,VT-ABC,6E-6560,Inspection,RET-R86NQ,2024-12-24 16:23:59,2024-10-21 17:00:57,5,32,Hydraulic leak,Seal,3,OPS-SS2XV,False,False,
VT-ABC-WO-4262,VT-ABC,LH-2807,Inspection,GH-J6O5T,2024-10-18 07:12:16,2024-12-12 23:14:32,5,32,Hydraulic leak,Seal,3,GH-S7BIX,False,False,
VT-ABC-WO-9042,VT-ABC,KL-2524,Inspection,OPS-8UDN9,2024-12-21 19:10:17,2024-11-03 01:34:47,5,32,Hydraulic leak,Seal,3,MTC-NSATK,False,False,
VT-ABC-WO-3209,VT-ABC,QR-7106,Inspection,GH-QCEFD,2024-11-03 14:05:22,2024-12-21 19:21:06,5,32,Hydraulic leak,Seal,3,MTC-EGL3P,False,False,
VT-ABC-WO-8453,VT-ABC,SG-5210,Inspection,RET-8557P,2024-11-06 16:20:20,2024-12-24 21:09:24,5,32,Hydraulic leak,Seal,3,CC-HCGB6,False,False,
VT-ABC-WO-5622,VT-ABC,EK-1305,Inspection,GH-SHQ89,2024-12-05 12:36:23,2024-12-27 06:40:52,5,32,Hydraulic leak,Seal,3,OPS-N4Y8S,False,False,
VT-ABC-WO-2239,VT-ABC,LH-2373,Inspection,CC-7L7O4,2024-11-27 04:35:42,2024-12-12 17:49:22,5,32,Hydraulic leak,Seal,3,CC-W1VTT,False,False,
VT-ABC-WO-2627,VT-ABC,LH-2541,Inspection,OPS-QKOZQ,2024-11-06 08:22:14,2024-10-21 10:40:18,5,32,Hydraulic leak,Seal,3,MTC-BJKQT,False,False,
VT-ABC-WO-9657,VT-ABC,KL-8076,Inspection,CC-DMJLB,2024-11-06 03:33:15,2024-12-29 11:54:40,5,32,Hydraulic leak,Seal,3,OPS-WI1V3,False,False,
VT-ABC-WO-4211,VT-ABC,SQ-4613,Inspection,CC-PGG3L,2024-11-22 18:32:23,2024-12-30 08:52:16,5,32,Hydraulic leak,Seal,3,GH-555ZW,False,False,
VT-ABC-WO-5639,VT-ABC,IX-6230,Inspection,CC-NRGOX,2024-10-09 06:31:32,2024-10-05 00:01:25,5,32,Hydraulic leak,Seal,3,CC-HOY3C,False,False,
VT-ABC-WO-2071,VT-ABC,QR-4405,Inspection,GH-Q3R5D,2024-12-04 15:49:53,2024-11-06 06:33:40,5,32,Hydraulic leak,Seal,3,GH-P0TLI,False,False,
VT-ABC-WO-6267,VT-ABC,AF-8737,Inspection,CC-MIAVG,2024-12-16 14:35:44,2024-12-19 03:38:50,5,32,Hydraulic leak,Seal,3,SEC-77FGP,False,False,
VT-ABC-WO-4007,VT-ABC,SQ-8606,Inspection,RET-A5H3P,2024-11-26 19:11:49,2024-11-10 15:47:05,5,32,Hydraulic leak,Seal,3,MTC-QU35E,False,False,
VT-ABC-WO-7902,VT-ABC,AF-5291,Inspection,GH-1AX9N,2024-10-17 06:47:25,2024-11-26 22:47:27,5,32,Hydraulic leak,Seal,3,CC-S64YK,False,False,
VT-ABC-WO-1755,VT-ABC,EK-5817,Inspection,MTC-FBRR3,2024-11-23 07:25:18,2024-12-17 19:40:02,5,32,Hydraulic leak,Seal,3,MTC-TR2YG,False,False,
VT-ABC-WO-7699,VT-ABC,AF-3234,Inspection,OPS-ZFPPX,2024-12-03 15:41:27,2024-10-27 12:47:28,5,32,Hydraulic leak,Seal,3,SEC-KXFC6,False,False,
VT-ABC-WO-6767,VT-ABC,SQ-7751,Inspection,GH-Y5QLE,2024-10-16 04:51:13,2024-12-12 00:16:10,5,32,Hydraulic leak,Seal,3,SEC-ULRI4,False,False,
VT-ABC-WO-4407,VT-ABC,SG-4587,Inspection,RET-V76OM,2024-12-17 10:01:31,2024-12-15 07:23:53,5,32,Hydraulic leak,Seal,3,GH-MFJQL,False,False,
VT-ABC-WO-1735,VT-ABC,QR-5718,Inspection,RET-4KQCK,2024-10-11 01:29:10,2024-12-20 13:39:48,5,32,Hydraulic leak,Seal,3,GH-1G6P7,False,False,
VT-ABC-WO-9168,VT-ABC,EK-8968,Inspection,GH-S8PWA,2024-11-19 09:52:17,2024-11-30 10:55:33,5,32,Hydraulic leak,Seal,3,SEC-HYBM1,False,False,
VT-ABC-WO-7064,VT-ABC,6E-5154,Inspection,CC-AA9O8,2024-10-29 22:53:59,2024-11-14 11:07:45,5,32,Hydraulic leak,Seal,3,OPS-VH6SB,False,False,
VT-ABC-WO-3092,VT-ABC,UK-6801,Inspection,SEC-IJJHQ,2024-11-09 13:12:04,2024-12-14 23:36:21,5,32,Hydraulic leak,Seal,3,GH-9MUO3,False,False,
VT-ABC-WO-4964,VT-ABC,6E-304,Inspection,OPS-H66LE,2024-11-25 04:27:17,2024-11-22 23:59:28,5,32,Hydraulic leak,Seal,3,MTC-XZD7P,False,False,
VT-ABC-WO-8209,VT-ABC,KL-7450,Inspection,MTC-ORYAI,2024-10-18 09:33:53,2024-11-07 22:25:20,5,32,Hydraulic leak,Seal,3,GH-B25Q9,False,False,
VT-ABC-WO-3044,VT-ABC,6E-7869,Inspection,MTC-28FIC,2024-11-10 15:34:24,2024-11-22 12:51:32,5,32,Hydraulic leak,Seal,3,MTC-OD115,False,False,
VT-ABC-WO-4869,VT-ABC,BA-8174,Inspection,OPS-N1YN4,2024-10-21 23:19:03,2024-12-09 22:33:25,5,32,Hydraulic leak,Seal,3,OPS-3YTHW,False,False,
VT-ABC-WO-6505,VT-ABC,IX-9702,Inspection,RET-BKV5B,2024-12-11 08:41:18,2024-10-01 20:21:18,5,32,Hydraulic leak,Seal,3,SEC-UITC7,False,False,
VT-ABC-WO-6577,VT-ABC,IX-7384,Inspection,CC-DFMN5,2024-12-21 00:14:38,2024-11-15 09:38:55,5,32,Hydraulic leak,Seal,3,OPS-7CSXG,False,False,
VT-ABC-WO-6958,VT-ABC,6E-1311,Inspection,CC-0BE9T,2024-11-06 10:38:31,2024-10-26 23:10:31,5,32,Hydraulic leak,Seal,3,OPS-I943S,False,False,
VT-ABC-WO-9286,VT-ABC,AF-5938,Inspection,RET-BUWEO,2024-10-31 10:58:02,2024-12-11 05:32:34,5,32,Hydraulic leak,Seal,3,CC-S4CNO,False,False,
VT-ABC-WO-2872,VT-ABC,KL-237,Inspection,OPS-GR6JO,2024-12-27 15:25:30,2024-11-22 22:50:40,5,32,Hydraulic leak,Seal,3,MTC-5W9FK,False,False,
VT-ABC-WO-7968,VT-ABC,UK-4661,Inspection,SEC-NXZ2C,2024-10-16 08:33:21,2024-10-22 17:51:47,5,32,Hydraulic leak,Seal,3,MTC-MY9JY,False,False,
VT-ABC-WO-7726,VT-ABC,6E-527,Inspection,SEC-6512R,2024-10-05 15:41:29,2024-12-12 08:39:08,5,32,Hydraulic leak,Seal,3,RET-QVZNL,False,False,
VT-ABC-WO-7095,VT-ABC,SQ-7362,Inspection,MTC-39UPD,2024-10-25 18:55:56,2024-10-18 10:11:02,5,32,Hydraulic leak,Seal,3,SEC-ZIXZV,False,False,
VT-ABC-WO-1422,VT-ABC,SG-4979,Inspection,GH-YDMHE,2024-12-02 18:17:34,2024-12-07 07:36:31,5,32,Hydraulic leak,Seal,3,GH-E7B5R,False,False,
VT-ABC-WO-8357,VT-ABC,QR-3278,Inspection,SEC-99H8T,2024-12-06 19:35:41,2024-10-13 18:17:27,5,32,Hydraulic leak,Seal,3,OPS-BI7JG,False,False,
VT-ABC-WO-3470,VT-ABC,KL-5181,Inspection,OPS-8GM5B,2024-10-13 23:41:31,2024-11-18 05:53:28,5,32,Hydraulic leak,Seal,3,SEC-ETWQ2,False,False,
VT-ABC-WO-9943,VT-ABC,SQ-7054,Inspection,SEC-47DBC,2024-12-29 18:32:26,2024-12-28 17:07:42,5,32,Hydraulic leak,Seal,3,CC-AQ0QE,False,False,
VT-ABC-WO-5062,VT-ABC,QR-5718,Inspection,SEC-WJTVT,2024-11-05 20:58:51,2024-11-26 21:28:30,5,32,Hydraulic leak,Seal,3,CC-D7EU1,False,False,
VT-ABC-WO-4401,VT-ABC,EK-457,Inspection,SEC-TPWE1,2024-11-08 08:47:38,2024-11-08 14:32:49,5,32,Hydraulic leak,Seal,3,GH-PW1XR,False,False,
VT-ABC-WO-2318,VT-ABC,UK-6943,Inspection,CC-L0TKJ,2024-11-30 10:42:50,2024-12-24 18:32:41,5,32,Hydraulic leak,Seal,3,SEC-03NQQ,False,False,
VT-ABC-WO-9788,VT-ABC,SQ-6017,Inspection,CC-RCONG,2024-11-02 14:43:03,2024-11-27 13:53:53,5,32,Hydraulic leak,Seal,3,MTC-B6NQJ,False,False,
VT-ABC-WO-2883,VT-ABC,EK-6895,Inspection,SEC-ZZP0V,2024-12-16 20:38:35,2024-12-06 11:48:39,5,32,Hydraulic leak,Seal,3,MTC-HU1EM,False,False,
VT-ABC-WO-2884,VT-ABC,SQ-6125,Inspection,SEC-SMTE1,2024-10-11 05:34:26,2024-10-06 19:54:47,5,32,Hydraulic leak,Seal,3,RET-I1TRD,False,False,
VT-ABC-WO-2852,VT-ABC,KL-397,Inspection,MTC-VKK0I,2024-10-08 23:52:37,2024-12-20 15:41:42,5,32,Hydraulic leak,Seal,3,CC-DMMS3,False,False,
VT-ABC-WO-4726,VT-ABC,LH-8057,Inspection,MTC-ZR5QG,2024-12-09 19:50:42,2024-12-23 16:58:41,5,32,Hydraulic leak,Seal,3,CC-8J3KI,False,False,
VT-ABC-WO-1469,VT-ABC,QR-4555,Inspection,RET-YP9PM,2024-10-18 04:46:08,2024-12-14 03:58:40,5,32,Hydraulic leak,Seal,3,CC-CGSTK,False,False,
VT-ABC-WO-4696,VT-ABC,UK-4323,Inspection,RET-SAJUN,2024-12-06 22:46:15,2024-10-11 10:08:28,5,32,Hydraulic leak,Seal,3,CC-R1BS0,False,False,
VT-ABC-WO-6909,VT-ABC,LH-6040,Inspection,GH-5X0WO,2024-11-10 10:45:52,2024-11-02 20:47:56,5,32,Hydraulic leak,Seal,3,CC-80TCY,False,False,
VT-ABC-WO-3612,VT-ABC,6E-3574,Inspection,MTC-142Q7,2024-11-12 12:25:42,2024-12-16 11:16:47,5,32,Hydraulic leak,Seal,3,OPS-6OTV0,False,False,
VT-ABC-WO-8647,VT-ABC,AI-6928,Inspection,GH-QJUJR,2024-12-29 05:45:33,2024-11-21 19:31:58,5,32,Hydraulic leak,Seal,3,MTC-2G6LW,False,False,
VT-ABC-WO-6494,VT-ABC,UK-4661,Inspection,SEC-RLQNC,2024-11-22 07:49:34,2024-12-06 22:46:28,5,32,Hydraulic leak,Seal,3,GH-GDA8D,False,False,
VT-ABC-WO-7059,VT-ABC,SG-9511,Inspection,MTC-KNCQ9,2024-10-14 09:17:15,2024-11-09 13:38:32,5,32,Hydraulic leak,Seal,3,CC-0GAX6,False,False,
VT-ABC-WO-5753,VT-ABC,AI-9965,Inspection,OPS-8OFVU,2024-12-07 06:29:34,2024-12-24 20:21:54,5,32,Hydraulic leak,Seal,3,CC-FJZ8L,False,False,
VT-ABC-WO-5746,VT-ABC,IX-6343,Inspection,OPS-8TFGG,2024-10-03 14:10:44,2024-10-15 11:53:35,5,32,Hydraulic leak,Seal,3,CC-5XI0N,False,False,
VT-ABC-WO-6189,VT-ABC,UK-3968,Inspection,GH-Z57KT,2024-12-08 04:46:21,2024-11-01 23:40:03,5,32,Hydraulic leak,Seal,3,SEC-9981X,False,False,
VT-ABC-WO-6271,VT-ABC,SG-1280,Inspection,GH-GK9XU,2024-11-23 21:47:53,2024-11-07 14:37:09,5,32,Hydraulic leak,Seal,3,OPS-XELQG,False,False,
VT-ABC-WO-3714,VT-ABC,SQ-6988,Inspection,MTC-2W3VR,2024-11-30 04:50:21,2024-10-23 10:22:40,5,32,Hydraulic leak,Seal,3,CC-IJG5T,False,False,
VT-ABC-WO-4789,VT-ABC,IX-6850,Inspection,SEC-QKLQQ,2024-12-17 22:14:43,2024-12-22 08:17:53,5,32,Hydraulic leak,Seal,3,RET-E8LEX,False,False,
VT-ABC-WO-5603,VT-ABC,AI-7440,Inspection,RET-N9ZFJ,2024-12-06 21:51:02,2024-11-25 14:56:39,5,32,Hydraulic leak,Seal,3,CC-PALJ0,False,False,
VT-ABC-WO-4790,VT-ABC,SG-8869,Inspection,GH-0L58A,2024-10-27 11:13:54,2024-11-24 08:14:47,5,32,Hydraulic leak,Seal,3,SEC-F55DI,False,False,
VT-ABC-WO-1069,VT-ABC,SG-8035,Inspection,CC-0TSHV,2024-11-20 15:45:00,2024-11-19 03:30:29,5,32,Hydraulic leak,Seal,3,OPS-WP0OI,False,False,
VT-ABC-WO-8218,VT-ABC,EK-7555,Inspection,RET-V9OUI,2024-11-03 06:42:59,2024-11-01 02:43:35,5,32,Hydraulic leak,Seal,3,RET-K9232,False,False,
VT-ABC-WO-1240,VT-ABC,BA-8552,Inspection,RET-SCKT4,2024-10-31 00:24:54,2024-12-27 01:59:31,5,32,Hydraulic leak,Seal,3,OPS-PQ8TP,False,False,
VT-ABC-WO-8519,VT-ABC,6E-7853,Inspection,GH-T2YSN,2024-10-03 18:02:28,2024-11-01 14:19:20,5,32,Hydraulic leak,Seal,3,GH-1GTON,False,False,
VT-ABC-WO-7924,VT-ABC,QR-4639,Inspection,MTC-7CTBH,2024-11-23 12:48:08,2024-11-22 00:41:28,5,32,Hydraulic leak,Seal,3,OPS-3PQ4X,False,False,
VT-ABC-WO-8885,VT-ABC,AF-1891,Inspection,OPS-OEB64,2024-10-12 01:19:31,2024-10-28 18:50:26,5,32,Hydraulic leak,Seal,3,SEC-KU9TQ,False,False,
VT-ABC-WO-5284,VT-ABC,IX-5707,Inspection,CC-HGCL4,2024-10-06 01:50:22,2024-12-15 11:55:20,5,32,Hydraulic leak,Seal,3,SEC-Z4MDH,False,False,
VT-ABC-WO-8100,VT-ABC,LH-2092,Inspection,CC-8YU3A,2024-10-30 14:23:42,2024-10-07 21:06:38,5,32,Hydraulic leak,Seal,3,OPS-UB176,False,False,
VT-ABC-WO-9600,VT-ABC,LH-7393,Inspection,CC-3S0GX,2024-12-11 13:26:49,2024-11-24 03:10:53,5,32,Hydraulic leak,Seal,3,OPS-2JVT4,False,False,
VT-ABC-WO-3026,VT-ABC,BA-9644,Inspection,OPS-IE1OY,2024-11-28 06:37:07,2024-10-09 08:09:43,5,32,Hydraulic leak,Seal,3,GH-91KCF,False,False,
VT-ABC-WO-8217,VT-ABC,SQ-3815,Inspection,GH-QL7NH,2024-11-08 02:44:46,2024-10-01 20:37:00,5,32,Hydraulic leak,Seal,3,SEC-02RTN,False,False,
VT-ABC-WO-7969,VT-ABC,AF-9827,Inspection,RET-DFZ3M,2024-11-21 23:44:02,2024-10-11 09:37:47,5,32,Hydraulic leak,Seal,3,OPS-0XGDF,False,False,
VT-ABC-WO-5967,VT-ABC,SQ-9437,Inspection,MTC-W1ZAS,2024-11-20 02:19:06,2024-12-10 03:31:14,5,32,Hydraulic leak,Seal,3,OPS-RHGUR,False,False,
VT-ABC-WO-7334,VT-ABC,6E-6509,Inspection,CC-DE2UY,2024-10-21 19:13:17,2024-11-07 11:44:01,5,32,Hydraulic leak,Seal,3,SEC-5RJQ1,False,False,
VT-ABC-WO-3400,VT-ABC,AF-9030,Inspection,MTC-LSS03,2024-12-01 21:36:00,2024-12-20 10:47:25,5,32,Hydraulic leak,Seal,3,OPS-V122M,False,False,
VT-ABC-WO-1014,VT-ABC,SQ-6487,Inspection,CC-2ZE7N,2024-11-19 20:04:51,2024-10-22 10:49:48,5,32,Hydraulic leak,Seal,3,GH-7F8GG,False,False,
VT-ABC-WO-9720,VT-ABC,EK-3938,Inspection,RET-WIE3R,2024-11-06 12:52:41,2024-11-04 12:29:04,5,32,Hydraulic leak,Seal,3,CC-E7N1M,False,False,
VT-ABC-WO-9754,VT-ABC,QR-591,Inspection,RET-X8KIJ,2024-10-13 22:56:40,2024-10-29 23:14:48,5,32,Hydraulic leak,Seal,3,OPS-LEQ0B,False,False,
VT-ABC-WO-9914,VT-ABC,AI-3214,Inspection,MTC-370PC,2024-10-31 02:02:37,2024-12-01 08:09:10,5,32,Hydraulic leak,Seal,3,MTC-HWKR9,False,False,
VT-ABC-WO-3281,VT-ABC,IX-8965,Inspection,MTC-MNWC0,2024-12-29 16:12:01,2024-10-21 10:36:23,5,32,Hydraulic leak,Seal,3,OPS-672YZ,False,False,
VT-ABC-WO-5408,VT-ABC,BA-8174,Inspection,SEC-M0SEV,2024-11-20 00:13:53,2024-12-11 22:59:03,5,32,Hydraulic leak,Seal,3,MTC-YEIU8,False,False,
VT-ABC-WO-4853,VT-ABC,KL-7299,Inspection,MTC-UIUA4,2024-11-19 16:46:58,2024-11-11 18:00:14,5,32,Hydraulic leak,Seal,3,CC-F1D58,False,False,
VT-ABC-WO-4545,VT-ABC,IX-5970,Inspection,OPS-I82K4,2024-12-27 01:35:32,2024-11-17 05:01:45,5,32,Hydraulic leak,Seal,3,SEC-ZP03Z,False,False,
VT-ABC-WO-4250,VT-ABC,QR-8616,Inspection,MTC-6YU5P,2024-12-01 10:45:36,2024-11-24 04:04:26,5,32,Hydraulic leak,Seal,3,SEC-OY6CH,False,False,
VT-ABC-WO-8676,VT-ABC,SG-9839,Inspection,GH-0ZHRZ,2024-12-21 19:50:52,2024-12-04 04:55:59,5,32,Hydraulic leak,Seal,3,OPS-95RCE,False,False,
VT-ABC-WO-5107,VT-ABC,AI-362,Inspection,MTC-M7ICS,2024-12-03 18:28:55,2024-12-09 18:09:40,5,32,Hydraulic leak,Seal,3,GH-WY71O,False,False,
VT-ABC-WO-6432,VT-ABC,BA-5698,Inspection,CC-F60KF,2024-10-04 22:17:55,2024-12-11 21:17:24,5,32,Hydraulic leak,Seal,3,OPS-69STW,False,False,
VT-ABC-WO-5740,VT-ABC,6E-1774,Inspection,GH-DY8XV,2024-11-10 14:02:42,2024-11-08 08:04:01,5,32,Hydraulic leak,Seal,3,OPS-53XBC,False,False,
VT-ABC-WO-7282,VT-ABC,SQ-1316,Inspection,SEC-05X52,2024-10-08 00:29:38,2024-10-03 10:26:00,5,32,Hydraulic leak,Seal,3,OPS-CTKN0,False,False,
VT-ABC-WO-2656,VT-ABC,QR-3715,Inspection,MTC-L1GRB,2024-11-01 14:55:15,2024-11-23 07:18:24,5,32,Hydraulic leak,Seal,3,GH-69RM2,False,False,
VT-ABC-WO-3456,VT-ABC,QR-1436,Inspection,GH-XPQI3,2024-11-28 05:38:16,2024-12-10 08:17:53,5,32,Hydraulic leak,Seal,3,GH-RW2UU,False,False,
VT-ABC-WO-8184,VT-ABC,LH-1113,Inspection,MTC-37BW6,2024-12-18 09:49:22,2024-12-29 06:34:50,5,32,Hydraulic leak,Seal,3,SEC-TVHDO,False,False,
VT-ABC-WO-2648,VT-ABC,QR-9087,Inspection,CC-LUVKD,2024-12-22 05:59:56,2024-10-13 00:31:57,5,32,Hydraulic leak,Seal,3,RET-6J7RB,False,False,
VT-ABC-WO-6413,VT-ABC,QR-7490,Inspection,GH-E7J3N,2024-10-31 14:54:46,2024-11-30 17:08:33,5,32,Hydraulic leak,Seal,3,CC-9ZJU8,False,False,
VT-ABC-WO-9954,VT-ABC,EK-1841,Inspection,CC-NTOCU,2024-12-09 06:08:37,2024-10-02 16:06:22,5,32,Hydraulic leak,Seal,3,CC-KF9X3,False,False,
VT-ABC-WO-4477,VT-ABC,AF-3234,Inspection,OPS-K26FF,2024-11-16 07:28:08,2024-10-30 06:09:47,5,32,Hydraulic leak,Seal,3,SEC-UO85K,False,False,
VT-ABC-WO-8813,VT-ABC,6E-7010,Inspection,SEC-8PYRV,2024-12-16 16:51:55,2024-10-30 09:45:55,5,32,Hydraulic leak,Seal,3,CC-49URL,False,False,
VT-ABC-WO-1813,VT-ABC,KL-4882,Inspection,CC-8XLQS,2024-10-13 11:10:53,2024-12-18 21:49:42,5,32,Hydraulic leak,Seal,3,MTC-BDCPM,False,False,
VT-ABC-WO-7845,VT-ABC,6E-2417,Inspection,CC-REBAN,2024-11-24 15:05:37,2024-11-28 06:20:35,5,32,Hydraulic leak,Seal,3,OPS-0XAZX,False,False,
VT-ABC-WO-7926,VT-ABC,KL-6711,Inspection,RET-VLP5Z,2024-10-24 10:47:26,2024-12-03 21:17:40,5,32,Hydraulic leak,Seal,3,GH-1RE4R,False,False,
VT-ABC-WO-8111,VT-ABC,IX-8965,Inspection,GH-H3FR8,2024-10-02 11:21:52,2024-10-13 06:09:26,5,32,Hydraulic leak,Seal,3,MTC-UL2NK,False,False,
VT-ABC-WO-8293,VT-ABC,SG-3014,Inspection,CC-GTOUP,2024-10-07 02:09:16,2024-12-23 13:09:46,5,32,Hydraulic leak,Seal,3,MTC-ZFAMH,False,False,
VT-ABC-WO-8514,VT-ABC,EK-6895,Inspection,CC-NY0FR,2024-10-05 02:00:02,2024-11-24 02:40:26,5,32,Hydraulic leak,Seal,3,MTC-AC6IV,False,False,
VT-ABC-WO-6489,VT-ABC,UK-2470,Inspection,GH-VDHMJ,2024-10-30 14:53:41,2024-10-31 07:18:04,5,32,Hydraulic leak,Seal,3,CC-5G0UF,False,False,
VT-ABC-WO-1275,VT-ABC,SQ-9477,Inspection,GH-95M5P,2024-10-24 23:57:23,2024-11-20 16:21:17,5,32,Hydraulic leak,Seal,3,OPS-HXC12,False,False,
VT-ABC-WO-3233,VT-ABC,6E-6601,Inspection,OPS-WCKC7,2024-10-26 23:57:17,2024-10-27 00:00:48,5,32,Hydraulic leak,Seal,3,OPS-1MXFC,False,False,
VT-ABC-WO-1421,VT-ABC,UK-3750,Inspection,MTC-AWW5C,2024-11-17 05:26:58,2024-10-01 20:07:57,5,32,Hydraulic leak,Seal,3,CC-VKVDQ,False,False,
VT-ABC-WO-3564,VT-ABC,AF-3234,Inspection,SEC-I69U1,2024-10-20 05:45:20,2024-11-19 05:03:53,5,32,Hydraulic leak,Seal,3,SEC-WYOUE,False,False,
VT-ABC-WO-1371,VT-ABC,IX-6343,Inspection,SEC-RF2HL,2024-11-06 23:59:23,2024-12-10 04:54:03,5,32,Hydraulic leak,Seal,3,GH-VVWAY,False,False,
VT-ABC-WO-9643,VT-ABC,SQ-1712,Inspection,CC-K1NLY,2024-11-17 13:26:51,2024-12-24 17:00:43,5,32,Hydraulic leak,Seal,3,OPS-HYGBV,False,False,
VT-ABC-WO-2427,VT-ABC,6E-4196,Inspection,CC-G1ETE,2024-10-16 11:31:40,2024-12-02 14:53:41,5,32,Hydraulic leak,Seal,3,MTC-Z9778,False,False,
VT-ABC-WO-2287,VT-ABC,IX-8464,Inspection,OPS-LRY3Z,2024-12-27 23:36:09,2024-11-02 22:21:41,5,32,Hydraulic leak,Seal,3,OPS-5TRD7,False,False,
VT-ABC-WO-6163,VT-ABC,AF-7180,Inspection,SEC-EPTO2,2024-12-08 01:10:39,2024-11-01 08:51:50,5,32,Hydraulic leak,Seal,3,CC-S57O8,False,False,
VT-ABC-WO-4502,VT-ABC,6E-3212,Inspection,SEC-M6AIQ,2024-10-09 13:03:27,2024-11-24 19:46:43,5,32,Hydraulic leak,Seal,3,CC-G8CRQ,False,False,
VT-ABC-WO-9560,VT-ABC,6E-1827,Inspection,OPS-O989D,2024-10-09 05:45:39,2024-12-25 02:55:25,5,32,Hydraulic leak,Seal,3,OPS-ZOKN0,False,False,
VT-ABC-WO-2633,VT-ABC,UK-5452,Inspection,OPS-0MXQ8,2024-12-26 01:57:05,2024-12-04 08:41:46,5,32,Hydraulic leak,Seal,3,OPS-O8H74,False,False,
VT-ABC-WO-5655,VT-ABC,6E-3158,Inspection,RET-IUQQK,2024-11-06 14:22:29,2024-12-08 03:00:56,5,32,Hydraulic leak,Seal,3,RET-U6G6J,False,False,
VT-ABC-WO-6808,VT-ABC,6E-9352,Inspection,GH-IWCLK,2024-10-20 11:01:02,2024-10-11 11:55:21,5,32,Hydraulic leak,Seal,3,RET-MRLJ8,False,False,
VT-ABC-WO-7041,VT-ABC,AF-4600,Inspection,GH-4G5W2,2024-12-14 09:53:56,2024-12-20 15:33:38,5,32,Hydraulic leak,Seal,3,MTC-LXNH1,False,False,
VT-ABC-WO-1921,VT-ABC,AI-9760,Inspection,CC-KFURT,2024-11-28 11:29:08,2024-11-04 20:00:01,5,32,Hydraulic leak,Seal,3,GH-FS2Y4,False,False,
VT-ABC-WO-4100,VT-ABC,BA-5247,Inspection,RET-CKVM6,2024-10-10 16:35:03,2024-12-18 00:56:15,5,32,Hydraulic leak,Seal,3,RET-ADWH6,False,False,
VT-ABC-WO-9890,VT-ABC,LH-5691,Inspection,SEC-1OSG2,2024-10-14 17:22:22,2024-10-05 00:06:23,5,32,Hydraulic leak,Seal,3,MTC-5VDGX,False,False,
VT-ABC-WO-5609,VT-ABC,SQ-935,Inspection,RET-LYAW0,2024-10-29 07:40:05,2024-10-09 01:27:09,5,32,Hydraulic leak,Seal,3,CC-ASXAT,False,False,
VT-ABC-WO-9696,VT-ABC,AF-6904,Inspection,CC-I9IR0,2024-10-13 11:50:50,2024-12-02 01:53:23,5,32,Hydraulic leak,Seal,3,MTC-FGMC2,False,False,
VT-ABC-WO-9439,VT-ABC,LH-492,Inspection,RET-3PTN1,2024-11-06 09:35:57,2024-11-24 18:21:08,5,32,Hydraulic leak,Seal,3,GH-G32BO,False,False,
VT-ABC-WO-2417,VT-ABC,KL-3486,Inspection,OPS-TRO2F,2024-12-16 19:17:31,2024-10-15 19:04:06,5,32,Hydraulic leak,Seal,3,MTC-X5H83,False,False,
VT-ABC-WO-5715,VT-ABC,BA-6017,Inspection,RET-R8GVF,2024-10-24 17:13:31,2024-10-18 19:37:33,5,32,Hydraulic leak,Seal,3,SEC-F0FFZ,False,False,
VT-ABC-WO-4580,VT-ABC,KL-7299,Inspection,MTC-VY354,2024-12-02 03:25:50,2024-11-15 13:56:16,5,32,Hydraulic leak,Seal,3,OPS-67XJS,False,False,
VT-ABC-WO-1680,VT-ABC,LH-2599,Inspection,RET-91OQ5,2024-10-28 05:11:27,2024-10-06 11:27:52,5,32,Hydraulic leak,Seal,3,RET-C8S9L,False,False,
VT-ABC-WO-4462,VT-ABC,AI-8327,Inspection,GH-G08AQ,2024-11-09 06:07:08,2024-12-12 23:40:39,5,32,Hydraulic leak,Seal,3,CC-94ACP,False,False,
VT-ABC-WO-9889,VT-ABC,AF-8958,Inspection,GH-LMBJN,2024-10-19 16:52:36,2024-12-23 20:50:10,5,32,Hydraulic leak,Seal,3,OPS-AC24X,False,False,
VT-ABC-WO-8260,VT-ABC,QR-4441,Inspection,RET-Q9YT3,2024-11-28 15:32:02,2024-11-30 09:48:55,5,32,Hydraulic leak,Seal,3,MTC-FFZ02,False,False,
VT-ABC-WO-3161,VT-ABC,IX-9249,Inspection,SEC-0UC4U,2024-12-22 03:03:51,2024-10-06 19:28:15,5,32,Hydraulic leak,Seal,3,SEC-IFNTG,False,False,
VT-ABC-WO-1439,VT-ABC,QR-4441,Inspection,RET-0TD6T,2024-10-12 12:42:19,2024-10-14 14:57:09,5,32,Hydraulic leak,Seal,3,CC-BF7S6,False,False,
VT-ABC-WO-1963,VT-ABC,SQ-5646,Inspection,CC-V1B8N,2024-10-07 05:40:21,2024-10-10 16:04:27,5,32,Hydraulic leak,Seal,3,MTC-TWGNY,False,False,
VT-ABC-WO-5896,VT-ABC,6E-5087,Inspection,SEC-9RMFZ,2024-11-18 19:15:46,2024-12-26 01:34:09,5,32,Hydraulic leak,Seal,3,OPS-SP8MR,False,False,
VT-ABC-WO-2105,VT-ABC,LH-2373,Inspection,MTC-ZC4DR,2024-10-13 19:11:43,2024-12-26 18:57:44,5,32,Hydraulic leak,Seal,3,SEC-V8I6D,False,False,
VT-ABC-WO-6701,VT-ABC,KL-4878,Inspection,SEC-1BR3F,2024-11-16 01:13:13,2024-10-13 23:01:55,5,32,Hydraulic leak,Seal,3,CC-P3YMI,False,False,
VT-ABC-WO-7177,VT-ABC,SQ-803,Inspection,RET-TWRZ5,2024-10-31 07:05:52,2024-11-06 01:41:04,5,32,Hydraulic leak,Seal,3,SEC-18IX8,False,False,
VT-ABC-WO-9161,VT-ABC,SQ-5065,Inspection,OPS-J0YED,2024-11-13 03:29:15,2024-12-01 07:32:21,5,32,Hydraulic leak,Seal,3,MTC-DPFNV,False,False,
VT-ABC-WO-4671,VT-ABC,LH-1113,Inspection,MTC-0OMCS,2024-11-26 10:56:44,2024-10-23 07:43:41,5,32,Hydraulic leak,Seal,3,CC-E2BPP,False,False,
VT-ABC-WO-3262,VT-ABC,6E-6616,Inspection,GH-USAF9,2024-11-18 07:14:58,2024-11-26 10:31:49,5,32,Hydraulic leak,Seal,3,OPS-HB4DE,False,False,
VT-ABC-WO-9632,VT-ABC,6E-1500,Inspection,RET-SHUHK,2024-10-28 04:46:03,2024-12-13 18:24:43,5,32,Hydraulic leak,Seal,3,MTC-KNHLH,False,False,
VT-ABC-WO-9331,VT-ABC,SQ-8555,Inspection,MTC-JSJMN,2024-11-17 15:52:15,2024-11-19 12:50:42,5,32,Hydraulic leak,Seal,3,CC-60Y5M,False,False,
VT-ABC-WO-3975,VT-ABC,EK-610,Inspection,MTC-FLNQE,2024-11-19 20:19:36,2024-12-19 09:22:14,5,32,Hydraulic leak,Seal,3,OPS-4BFGW,False,False,
VT-ABC-WO-3338,VT-ABC,AF-3244,Inspection,RET-PVYJU,2024-12-14 18:26:38,2024-12-03 16:14:31,5,32,Hydraulic leak,Seal,3,CC-2LY0R,False,False,
VT-ABC-WO-5988,VT-ABC,6E-4196,Inspection,MTC-939FY,2024-10-13 21:54:40,2024-12-26 15:14:50,5,32,Hydraulic leak,Seal,3,GH-55CRU,False,False,
VT-ABC-WO-3833,VT-ABC,LH-8819,Inspection,GH-K7AK9,2024-10-26 12:45:51,2024-11-26 09:41:38,5,32,Hydraulic leak,Seal,3,MTC-8XK34,False,False,
VT-ABC-WO-9279,VT-ABC,6E-295,Inspection,GH-V7IAC,2024-12-23 01:54:16,2024-11-05 22:27:07,5,32,Hydraulic leak,Seal,3,RET-UWEZI,False,False,
